accent,ground_truth,prediction,wer
"India and South Asia (India, Pakistan, Sri Lanka)",Obey grew up as a Republican.,Obey ruap asyai riba bika.,0.8333333333333334
"India and South Asia (India, Pakistan, Sri Lanka)",He has registered for eleven international patents on various aspects of video networking.,He has registered for 11 International Patents on various aspects of video networking.,0.07692307692307693
"India and South Asia (India, Pakistan, Sri Lanka)",B and M Bargains also has presence in the centre.,B and M bar gains also has presence in the center.,0.3
"India and South Asia (India, Pakistan, Sri Lanka)",Port of Long Beach is the largest container terminal in America.,Port of Long Beach is the largest container terminal in America.,0.0
"India and South Asia (India, Pakistan, Sri Lanka)",Planinc began to pursue a full-time career within the League of Communists of Croatia.,Planning began to pursue a full-time career within the League of Communists of Krocia.,0.14285714285714285
"India and South Asia (India, Pakistan, Sri Lanka)",Molybdenite-the principal ore from which molybdenum is now extracted-was previously known as molybdena.,Mollip denied the principle or from which Mollip denim is now extracted with previously known as Mollip denim.,0.8461538461538461
"India and South Asia (India, Pakistan, Sri Lanka)",The game was published by Eidos Interactive.,The game was published by AIDOS Interactive.,0.14285714285714285
"India and South Asia (India, Pakistan, Sri Lanka)",Tottenham Hotspur and Inter Milan were also interested in signing the Celtic player.,s меч and 성 менее serups,0.9230769230769231
"India and South Asia (India, Pakistan, Sri Lanka)",It is a concise listing of thirteen fundamental doctrines of Mormonism.,It is a concise listing of 13 fundamental doctrines of Mormonism.,0.09090909090909091
"India and South Asia (India, Pakistan, Sri Lanka)","After a hardship-filled infancy, upon completing his studies, he became a Christian preacher.","After a hardship filled, infancy upon completing his studies, he became a Christian preacher.",0.23076923076923078
"India and South Asia (India, Pakistan, Sri Lanka)",Assens is the municipal seat of Assens Municipality in Region of Southern Denmark.,Essence is the municipal seat of Essence Municipality in the region of southern Denmark.,0.23076923076923078
"India and South Asia (India, Pakistan, Sri Lanka)","Random-orbital sanders use sandpaper disks, and many include integrated dust collectors.",Random orbital senders use sandpaper discs and many include integrated dust collectors.,0.36363636363636365
"India and South Asia (India, Pakistan, Sri Lanka)",She now resides in London with her son and daughter.,She never sides in London with her son and don't have.,0.4
"India and South Asia (India, Pakistan, Sri Lanka)","No abbreviatins in contributed sentences, please.","No abbreviations in Contributed Sentences, please.",0.16666666666666666
"India and South Asia (India, Pakistan, Sri Lanka)",The signs have since been replaced with the correct shields.,The science has been replaced with the correct shields.,0.3
"India and South Asia (India, Pakistan, Sri Lanka)","Balete is from Kalibo, the provincial capital.","Balleté is from Calibur, the provincial capital.",0.2857142857142857
"India and South Asia (India, Pakistan, Sri Lanka)",He played with the Borodin Quartet.,He played with the Borotin Quartet.,0.16666666666666666
"India and South Asia (India, Pakistan, Sri Lanka)",Campbell died in Philadelphia.,Campbell died infillible fear.,0.5
"India and South Asia (India, Pakistan, Sri Lanka)","The wealth of some may ""depend"" on the poverty of others.",The wealth of some may depend on the poverty of others.,0.09090909090909091
"India and South Asia (India, Pakistan, Sri Lanka)",Prentice then took over the writing along with others.,Renters then to cover the writing along with others.,0.3333333333333333
"India and South Asia (India, Pakistan, Sri Lanka)",A fifth volume featuring the best of the daily strip is planned.,A fifth volume featuring the best of the daily ship expand.,0.25
"India and South Asia (India, Pakistan, Sri Lanka)",The outlines of the architecture then morph to a pattern of three-dimensional blocks.,The outlines of the architecture then morph to a pattern of three dimensional blocks.,0.15384615384615385
"India and South Asia (India, Pakistan, Sri Lanka)","Klein's father, an Orthodox follower of the Jewish faith, influenced Klein's early development.",Plains father and all the dogs follower of the Jewish faith influenced Plains early development.,0.6153846153846154
"India and South Asia (India, Pakistan, Sri Lanka)","The texture is crisp and firm, sometimes to the point of crunchiness.",,
"India and South Asia (India, Pakistan, Sri Lanka)",The pub still retains its outside gents' and ladies'.,The pot still retains its outside ginsens and ladies.,0.3333333333333333
"India and South Asia (India, Pakistan, Sri Lanka)",He has subsequently performed all around the world in operas and concerts.,He has subsequently performed all around the world in opra and concepts.,0.16666666666666666
"India and South Asia (India, Pakistan, Sri Lanka)","Henry Barrows was born in Saco, Maine.",Hand-re-barrels was born in Sir Co-Man,0.5714285714285714
"India and South Asia (India, Pakistan, Sri Lanka)",Tchachina was born to a Russian family as the eldest of three children.,Chachina was born to a Russian family as a center of three children.,0.23076923076923078
"India and South Asia (India, Pakistan, Sri Lanka)",Goliath herons can even be found in small watering holes.,Rolia Theran can even be found in small watering holes.,0.2
"India and South Asia (India, Pakistan, Sri Lanka)",The city is making use of its crucial geostrategic point in Croatia.,The city is making use of its crucial geostratic point and Croatia.,0.16666666666666666
"India and South Asia (India, Pakistan, Sri Lanka)","RaceWay stations, operated by contractors, continue as a part of RaceTrac Petroleum.",Raceway stations operated by contractors continue as part of racetrack petroleum.,0.3333333333333333
"India and South Asia (India, Pakistan, Sri Lanka)",Note: New models are highlighted in bold.,"Note, new models are highlighted in bold.",0.14285714285714285
"India and South Asia (India, Pakistan, Sri Lanka)",It was the second appearance of the sport in Olympic competition.,It was the second appearance of the sport in Olympic competition.,0.0
"India and South Asia (India, Pakistan, Sri Lanka)",He is known for his paintings of ships and Arctic seascapes.,He is known for his paintings of ships and R-Tex C-scapes.,0.18181818181818182
"India and South Asia (India, Pakistan, Sri Lanka)",The Spieker center of a triangle is the radical center of its excircles.,The Spaker Center of a Tangle is the Radical Center of its Excercles.,0.23076923076923078
"India and South Asia (India, Pakistan, Sri Lanka)","She is buried in Mount Pleasant Cemetery, Toronto.",She is buried in Mount Pleasant Cementary Torrento.,0.25
"India and South Asia (India, Pakistan, Sri Lanka)",He made clear he considered it especially suited for my column.,He meant clear he considered it specially sweeted for my colour.,0.36363636363636365
"India and South Asia (India, Pakistan, Sri Lanka)","He further mentions that the natives of Costa Rica are sometimes called ""goo-goos"".",If other mentions that the nature of Costa Rica are sometimes for two wolves.,0.46153846153846156
"India and South Asia (India, Pakistan, Sri Lanka)","There was also a branch in Annapolis, Maryland.","There was also a branch in Anipolice, Maryland.",0.125
"India and South Asia (India, Pakistan, Sri Lanka)",Merrill was first inhabited by the Chippewa Native Americans.,Merrill was first inhabited by Cheap River Native Americans.,0.2222222222222222
"India and South Asia (India, Pakistan, Sri Lanka)",She was born in Alexandria.,She was born in Alexandria.,0.0
"India and South Asia (India, Pakistan, Sri Lanka)","He rediscovered it three decades later at his home outside of Madrid, Spain.",He rediscovered it three decades later at his home outside of Madrid Spain.,0.07692307692307693
"India and South Asia (India, Pakistan, Sri Lanka)",Gifford has a rich African American history.,GeFord has a rich African American history.,0.14285714285714285
"India and South Asia (India, Pakistan, Sri Lanka)","Later, she studied acting in Bulgaria and Prague.",Later she studied acting in Bulgaria and Freed.,0.25
"India and South Asia (India, Pakistan, Sri Lanka)","During the event, a search takes place for the needy ones of the city.","During the event, a search takes place for the nearly ones of the city.",0.07142857142857142
"India and South Asia (India, Pakistan, Sri Lanka)","Albert Dauzat proposes the Latin anthroponym ""Barus"".",Albert Dozette proposes the Latin anthroponing burrows.,0.42857142857142855
"India and South Asia (India, Pakistan, Sri Lanka)","The smelter transforms imported bauxite to alumina, and then to aluminum, by electrolysis.",These smelter transforms important box-site to alumina and then aluminum by electrolysis.,0.46153846153846156
"India and South Asia (India, Pakistan, Sri Lanka)",The Gadsden County School District operates public schools.,The Gethston County School District operates public schools.,0.125
"India and South Asia (India, Pakistan, Sri Lanka)",The front sight clamps around the rifle's front sight base.,The front side clamps around the rifle's front side base.,0.2
"India and South Asia (India, Pakistan, Sri Lanka)",When he was fourteen he had already acquired a knowledge of chemistry.,When he was 14 he had already acquired a knowledge of chemistry.,0.08333333333333333
"India and South Asia (India, Pakistan, Sri Lanka)",Why am i telling you?,Why am I telling you?,0.0
"India and South Asia (India, Pakistan, Sri Lanka)",The secrets are purportedly about the fall of Baghdad and Saddam's imprisonment.,The secrets are purportedly about the fall of Baghdad and Saddam's imprisonment.,0.0
"India and South Asia (India, Pakistan, Sri Lanka)","In ""Rebellion"", Wheeljack and Bulkhead make a distraction for the other Autobots.","In Rebellion, we will check and bulkhead banker distraction for the other Autobots.",0.5
"India and South Asia (India, Pakistan, Sri Lanka)",There are mainly grasslands and forested valleys in the south.,They are mainly grasslands and forested valleys in the south.,0.1
"India and South Asia (India, Pakistan, Sri Lanka)","Unfortunately, for an undisclosed reason, the torogan was demolished by some locals.","Unfortunately, for an undisclosed reason, the Turogan was demolished by some locals.",0.08333333333333333
"India and South Asia (India, Pakistan, Sri Lanka)",Predators include the jaguarundi and margay.,Predators include the Jagarundi & Marge,0.5
"India and South Asia (India, Pakistan, Sri Lanka)",The economy is primarily agricultural.,The economy is primarily agriculture.,0.2
"India and South Asia (India, Pakistan, Sri Lanka)",The official page remains active with a message announcing its discontinuation.,The official page remains active with a message announcing it with complete vision.,0.36363636363636365
"India and South Asia (India, Pakistan, Sri Lanka)",He has appeared in film and television.,He has appeared in film and television.,0.0
"India and South Asia (India, Pakistan, Sri Lanka)","His debut album ""Tempest"" had been independently released in Canada.",His debut album Tempest had been independently released in Canada.,0.1
"India and South Asia (India, Pakistan, Sri Lanka)",Members have historically faced repression in both Swaziland and South Africa.,Members have historically faced the repression in both Fuzzy Land and South Africa.,0.2727272727272727
"India and South Asia (India, Pakistan, Sri Lanka)",The group did not consider the film a success.,The group did not consider the film a success.,0.0
"India and South Asia (India, Pakistan, Sri Lanka)",He was also honored as the greatest Phillies player of all-time.,He was also honoured as the greater Philis player of all time.,0.45454545454545453
"India and South Asia (India, Pakistan, Sri Lanka)",White flowers appear in late spring to early summer.,White floss appear in late spring to early summer.,0.1111111111111111
"India and South Asia (India, Pakistan, Sri Lanka)",During their conversation he reveals that he misses her every day.,During the conversation he reveals that he misses her every day.,0.09090909090909091
"India and South Asia (India, Pakistan, Sri Lanka)","For a short time, the airline flew twice weekly Kinshasa-Brussels-Paris-Brussels-Kinshasa.","For a short time, the airline flew twice weekly. Kinshasa preserves Paris preserves Kinshasa.",0.6
"India and South Asia (India, Pakistan, Sri Lanka)",The tragic death is witnessed by Valentinov who has just arrived by car.,The Phrasjik death is witnessed by Valentino who has just arrived by far.,0.23076923076923078
"India and South Asia (India, Pakistan, Sri Lanka)",Scot himself died on board ship.,Scoot himself died on board ship.,0.16666666666666666
"India and South Asia (India, Pakistan, Sri Lanka)","They are all primary, one catholic and two public.",They are all primary one Catholic and two public.,0.1111111111111111
"India and South Asia (India, Pakistan, Sri Lanka)",Bickel was a gifted and easily accessible instructor.,The gun was lifted and easily accessible instructor.,0.5
"India and South Asia (India, Pakistan, Sri Lanka)",An important result about dimensions is given by the rank-nullity theorem for linear maps.,"An important result about dimensions is given by the rank, nudity, theorem for linear maps.",0.14285714285714285
"India and South Asia (India, Pakistan, Sri Lanka)",The origin could not be determined.,The origin could not be determined.,0.0
"India and South Asia (India, Pakistan, Sri Lanka)",They then hired Billy Denmead to sing lead vocals and play rhythm guitar.,They then hire Billy Danmet to sing lead vocals and play rhythm guitar.,0.15384615384615385
"India and South Asia (India, Pakistan, Sri Lanka)",The album was the group's first for Atlantic after leaving Motown.,The album was the group's first for Atlantic after leaving Motown.,0.0
"India and South Asia (India, Pakistan, Sri Lanka)","He has continued with this segment in San Diego, renaming it ""Arrested Intelligence"".","He has continued with this segment in San Diego, Renaming it arrested intelligence.",0.15384615384615385
"India and South Asia (India, Pakistan, Sri Lanka)",Type locality: Hong Kong.,Type locality Hong Kong.,0.25
"India and South Asia (India, Pakistan, Sri Lanka)",These required their own power-supply.,These require their own power supply.,0.6
"India and South Asia (India, Pakistan, Sri Lanka)",I thank everyone.,I thank everyone.,0.0
"India and South Asia (India, Pakistan, Sri Lanka)",Hitting a moving target is technically much more difficult.,Hitting a moving target is technically much more difficult.,0.0
"India and South Asia (India, Pakistan, Sri Lanka)",John D. Hall also was nominated for the Oscar.,John D. Hall also was nominated for the Ashtar.,0.1111111111111111
"India and South Asia (India, Pakistan, Sri Lanka)",T Indi is the only bright variable star in Indus.,TND is the only bright variable star in Indus.,0.2
"India and South Asia (India, Pakistan, Sri Lanka)",The event is sponsored by various corporate donors.,The event is sponsored by various corporate donors.,0.0
"India and South Asia (India, Pakistan, Sri Lanka)","Yet even there, award conditions couldn't survive the pressure of mass unemployment.",Yet even the war conditions could not survive the pressure of mass and employment.,0.5
"India and South Asia (India, Pakistan, Sri Lanka)","Montreal is to the north, and Plattsburgh is to the south.",Montreal is to the north and Placberg is to the south.,0.18181818181818182
"India and South Asia (India, Pakistan, Sri Lanka)",The unincorporated community of Herold is located in the town.,The unincorporated community of herald is located in the town.,0.1
"India and South Asia (India, Pakistan, Sri Lanka)",Miss Plainwell is modeled on Mallett's wife.,This plane well is modeled on Mallet's wife.,0.5714285714285714
"India and South Asia (India, Pakistan, Sri Lanka)",A twenty-minute language course is sometimes set between Putzpause and the first course hour.,A 20 minutes language course is sometimes set between putspos and the first course so,0.2857142857142857
"India and South Asia (India, Pakistan, Sri Lanka)",Williamson graduated from the University of Denver.,Williams and graduated from the University of Denver.,0.2857142857142857
"India and South Asia (India, Pakistan, Sri Lanka)",Collegium.,Collegium,1.0
"India and South Asia (India, Pakistan, Sri Lanka)",This procedure repeats itself cyclically.,This procedure repeats itself cycle again.,0.4
"India and South Asia (India, Pakistan, Sri Lanka)",This does not include special and emergency special sessions of the General Assembly.,This does not include special and emergency special sessions of the General Assembly.,0.0
"India and South Asia (India, Pakistan, Sri Lanka)",Freedom of religion is severely limited.,Freedom of Religion is severely limited.,0.0
"India and South Asia (India, Pakistan, Sri Lanka)","In Team Standard, the same decks must be used throughout the whole event.","In Team Standard, the same decks must be used throughout the whole event.",0.0
"India and South Asia (India, Pakistan, Sri Lanka)",It is southeast of Perth along the Albany Highway.,"It is southeast of Perkalaamda, Albany highway.",0.3333333333333333
"India and South Asia (India, Pakistan, Sri Lanka)","We have gone into them, and he has not.",We have gone into them and he has not.,0.1111111111111111
"India and South Asia (India, Pakistan, Sri Lanka)","A metalled road, going to Hapur, originates from the city.",A metal road going to Haapur originates from the city.,0.3
"India and South Asia (India, Pakistan, Sri Lanka)",The lines to Marylebone formerly passed either side of West Waste.,The lines to marital bone formally pass either side of the west-west.,0.5454545454545454
"India and South Asia (India, Pakistan, Sri Lanka)",Men's and Ladies events were normally held separately.,Men and ladies events were normally held separately.,0.125
"India and South Asia (India, Pakistan, Sri Lanka)",A war with Midian follows later.,"Avoid median, follow us later.",0.8333333333333334
"India and South Asia (India, Pakistan, Sri Lanka)","They usually comprise five equipment systems: implement, traction, structure, power train, control and information.","They usually comprise 5 equipment systems, implement, traction, structure, power train, control and information.",0.14285714285714285
"German English,Non native speaker","""Henry Larsen"" displaces at full load.",Henry Larson displaces at full load.,0.3333333333333333
"German English,Non native speaker",Hall was an eminent authority on Oriental inscriptions.,,
"German English,Non native speaker","Thame is a bearded man, while Isis is female.",Came is a beautiful man while ISIS is female.,0.3333333333333333
"German English,Non native speaker","Compton rapper Game's song ""Dreams"" is dedicated to her memory.",Compton Rapper Games Song Dreams is dedicated to her memory.,0.2
"German English,Non native speaker","Before this time, there had been talk of eliminating tuition fees altogether.",Before this time there had been talk of eliminating tuition fees altogether.,0.08333333333333333
"German English,Non native speaker","A former resident of Montclair, New Jersey, he now resides in Maplewood, New Jersey.","A former resident of Montclair, New Jersey, in our resides in Maplewood, New Jersey.",0.14285714285714285
"German English,Non native speaker",Afterwards Canadian patriots began focusing on self-government and political reform within the British Empire.,"Afterwards, Canadian Patriots began focusing on self-government and political reform within the British Empire.",0.07142857142857142
"German English,Non native speaker",Custom House for the Port of New York.,Custom house for the port of New York,0.125
"German English,Non native speaker",Ahwa is also a tehsil in Dang District.,,
"German English,Non native speaker",Both sides in the war make efforts to silence inconvenient reporters.,Both sides and the wall make efforts to silence inconvenient reporters.,0.18181818181818182
"German English,Non native speaker",Eco Class was the Economy-fare product.,Equal class was the economy fair product.,0.5
"German English,Non native speaker",The Tioga Independent School District serves local students.,The Tioga Independence Cool District serves local students.,0.25
"German English,Non native speaker","Rutland was educated at Eton College and Trinity College, Cambridge.","Rutland was educated at Eton College and Trinity College, Cambridge.",0.0
"German English,Non native speaker",Lombardozzi then singled in Brunansky.,"Lombardorzy, Zen singled in Brunansky.",0.4
"German English,Non native speaker",It is also the largest shopping mall operator in America.,It is also the largest shopping mall operator in America.,0.0
"German English,Non native speaker","This kind of scrolling is called, ""coarse scrolling"".",This kind of scrolling is called course scrolling.,0.375
"German English,Non native speaker","After the war, Ingalls returned to Harvard as Wales Professor of Sanskrit.","After the warm, Ingles returned to Harvard as a way to Professor of Sunskut.",0.5
"German English,Non native speaker",He then began lecturing in mathematics at Aberdeen.,He then began lecturing in mathematics at Aberdeen.,0.0
"German English,Non native speaker",Cramer ran for the vacant Congressional seat and won.,Cramer ran for the vacant congressional seat at 1.,0.2222222222222222
"German English,Non native speaker",Willoughbyland was renamed Suriname.,"Willow, Byland, was renamed, Suriname.",0.75
"German English,Non native speaker",The villa's lands occupied the borderland between the bishoprics of Cologne and Tongeren.,The village lands occupied the borderland between the Bishoprix of Cologne and Tungeren.,0.23076923076923078
"German English,Non native speaker",Other works examine the role of existing religions in a futuristic or alternate society.,Other works examine the role of existing religions in a futuristic or alternate society.,0.0
"German English,Non native speaker",He later became its head professor.,He later became its head professor.,0.0
"German English,Non native speaker",There's no points for us and it's all about being able to win.,There's no point for us and it's all about being able to win.,0.07692307692307693
"German English,Non native speaker",Spain has an embassy in Yangon.,Spain has an embassy in Yangon.,0.0
"German English,Non native speaker",This is called the carrier rod.,This is called the Carrier Roach.,0.16666666666666666
"German English,Non native speaker","Several episodes of ""Holmes and Yoyo"" were directed by John Astin"".",Several episodes of Holmes and Yo-Yo were directed by John Aston.,0.2727272727272727
"German English,Non native speaker","He was succeeded by Mahathir bin Mohamad, his deputy.","He was succeeded by May Hatir Bin Mohamad, his deputy.",0.2222222222222222
"German English,Non native speaker",The village is also west of Manchester Airport.,The village is also west of Manchester Airport.,0.0
"German English,Non native speaker",Norma worked as a nurse.,Norma What does Rex?,0.8
"German English,Non native speaker",The company sells outdoor camping gear and camping equipment.,,
"German English,Non native speaker","In addition they had created the races of Elves, Dwarfs, Humans, Ogres and Halflings.","In addition, they had created the races of elves, dwarfs, humans, ogres and halflings.",0.07142857142857142
"German English,Non native speaker",This allegation made those two stripped of the rank of royals.,This allegation made those two stripped of the rank of Royals.,0.0
"German English,Non native speaker","One month after their arrival, Fridolin died.","One month after their arrival, Fiddling died.",0.14285714285714285
"German English,Non native speaker",Tours from all over the world are organized to visit the Sanctuary.,To us from all over the world are organized to visit the sanctuary.,0.16666666666666666
"German English,Non native speaker","His family escaped to Banja Luka, where he attended elementary school.",His family escaped to Banja Luka where he attended elementary school.,0.09090909090909091
"German English,Non native speaker",A by-election was called to choose his successor.,A by-election was called to choose his successor.,0.0
"German English,Non native speaker",A Metro-North Railroad Police substation is in the terminal on the ground floor.,A metro north railroad police substation is in the terminal on the ground floor.,0.15384615384615385
"German English,Non native speaker",Redgrave won four Evening Standard Awards for Best Actress in four decades.,Red Grave won 4 evening standard awards for best actress in 4 decades.,0.3333333333333333
"German English,Non native speaker",Their family coat of arms is engraved in the Cathedral of Vienna.,Their family code of arms is engraved in the Cathedral of Vienna.,0.08333333333333333
"German English,Non native speaker","Primarily used as a fullback, Wilson's career was marred by a cocaine habit.","Primarily used as a fullback, Wilson's career was marred by a cocaine habit.",0.0
"German English,Non native speaker",Her papers are in the Indiana State Library.,For papers are in the Indiana State Library.,0.125
"German English,Non native speaker",It also has industrial applications for Corrosion Monitoring.,It also has industrial applications for corrosion monitoring.,0.0
"German English,Non native speaker",Peterborough remains the seat of the Diocese of Peterborough.,Peter Borough remains the seat of the diocese of Peter Borough.,0.4444444444444444
"German English,Non native speaker",His cousin is fellow manager Brendan Rodgers.,His cousin is fellow manager Brandon Rogers.,0.2857142857142857
"German English,Non native speaker",The complex is operated by the state of New York.,The complex is operated by the state of New York.,0.0
"German English,Non native speaker","Related terms include ""expectant management"", ""active surveillance"" and ""masterly inactivity"".","Related terms include expectant management, active surveillance and masterly inactivity.",0.6
"German English,Non native speaker",In his later years he also worked as a recitator for German television.,In his later years he also worked as a recitator of Ford German Television.,0.15384615384615385
"German English,Non native speaker","Too-general code can, however, become completely useless, leading to spaghetti code doing effectively nothing.",2 general code can however become completely useless leading to a spaghetti code doing effectively nothing.,0.42857142857142855
"German English,Non native speaker",It is operated by the Port Authority of New York and New Jersey.,It is operated by the port authority of New York and New Jersey.,0.0
"German English,Non native speaker",Hutchinson had been the driver of the car whilst Winstone was the shooter.,Hutchinson had been the driver of the car while it's windstorm was a shooter.,0.3076923076923077
"German English,Non native speaker","His paternal grandfather, Francesco Illy, was of Hungarian origin.","His paternal grandfather, Francesco Ili, was of Hungarian origin.",0.1111111111111111
"German English,Non native speaker",The Lyman-alpha forest observations can be used to constrain cosmological models.,The Lyman alpha-forest observations can be used to constrain cosmological models.,0.18181818181818182
"German English,Non native speaker","Upon the split of Letters to Cleo, Hanley embarked upon a solo career.",Up in this split of letters to Cleo Henley embarked upon her solo career.,0.46153846153846156
"German English,Non native speaker",Special configuration is required to force such downloads to continue and be cached.,Special configuration is required to force such downloads to continue and be cached.,0.0
"German English,Non native speaker",The males also follow an elaborate courtship ritual to attract the female.,The mails also follow and elaborate carotrap ritual to attract the female.,0.25
"German English,Non native speaker","The bird is named after the Canary Islands, not the other way around.","The bird is named after the Canary Islands, not the other way around.",0.0
"German English,Non native speaker",He met his wife Rosa because their fathers were friends.,He met his wife Rosa because their fathers were friends.,0.0
"German English,Non native speaker",The problem was especially pronounced with antennas located indoors.,The problem was especially pronounced with antennas located indoors.,0.0
"German English,Non native speaker",The party never gained many members and never took part in an election.,The party never gave many a mass and never to part in an election.,0.3076923076923077
"German English,Non native speaker",This is Kidman's producing debut.,,
"German English,Non native speaker",Pinel's humanitarian achievements were emphasized and mythologised instead.,PINELS humanitarian achievements were emphasized and mythologized instead.,0.25
"German English,Non native speaker",It was also introduced in Australia.,It was also introduced in Australia.,0.0
"German English,Non native speaker","He founded Emerson, Ford and Company, a manufacturing concern whose specialty was saw blades.","He founded Amazon Ford and Company, a manufacturing concern whose specialty was sorb-lates.",0.21428571428571427
"German English,Non native speaker","Originally named ""Higher Ground"", the group later changed their name to Servant.","Originally named Haya Ground, the group later changed their name to Servant.",0.16666666666666666
"German English,Non native speaker","The county seat is Montesano, and its largest city is Aberdeen.",The county seat is Monteseno and its largest city is Aberdeen.,0.09090909090909091
"German English,Non native speaker",He approached the band offering to record an album through their company.,He approached the band offering to record an album through their company.,0.0
"German English,Non native speaker",The union was not affiliated to any trade union centre.,The Union was not affiliated to any trade union stand-clown.,0.1
"German English,Non native speaker","""Again"" received Golden Globe and Academy Award nominations for Best Original Song.","Again, received golden globe and Academy Award nominations for Best Original Song.",0.08333333333333333
"German English,Non native speaker","The Albans pursued him, each as fast as their individual injuries permitted.",The albums pursue them each as fast as their individual injuries permitted.,0.25
"German English,Non native speaker",Herzog also has several segments on the religion of Siberian nomads.,Headstroke also has several segments on the religion of Siberian nomads.,0.09090909090909091
"German English,Non native speaker","Its growth is due to God, not man, and follows its own timetable.","Its growth is due to God, not man and follows its own timetable.",0.07692307692307693
"German English,Non native speaker","However, this is not historically correct.","However, this is not historically correct.",0.0
"German English,Non native speaker",The results in brackets concern the playoff games.,The results in brackets concern the play of games.,0.25
"German English,Non native speaker",The College sets standards of training and administers examinations for emergency physicians.,The college sets standards of training and administers examinations for emergency physicians.,0.0
"German English,Non native speaker",He also used the stones gathered for the construction of Chanteloup castle.,He also used the stone skew pad for the construction of chanterupe castle.,0.3333333333333333
"German English,Non native speaker",The standard windshield was replaced with one made of acrylic glass.,The standard windshield was replaced with one made of acrylic glass.,0.0
"German English,Non native speaker","It, too, overestimated mortality.",It too overestimated mortality.,0.5
"German English,Non native speaker",Later the paper was acquired by a Lancashire papermaker named Crompton.,Later the paper was acquired by Lenkushaya Paper Mega Name Krumpton.,0.45454545454545453
"German English,Non native speaker",Belgrano's sidewalks are often busy with dog walkers.,Their grain or sidewalks are often busy with dock walkers.,0.5
"German English,Non native speaker","Four years later, Danny is a coach for his old high school team.","4 years later, Danny is a coach for his old high school team.",0.07692307692307693
"German English,Non native speaker",This is normally a formal appointment made by the executive board of trustees.,This is normally a formal appointment made by the Executive Board of Trustees.,0.0
"German English,Non native speaker","An avid animal activist, Vogel and fiancee Howard provide a home for three dogs.","An avid animal activist, Fogel and Theo C. Howard, provider home for three dogs.",0.35714285714285715
"German English,Non native speaker",Mario Calabresi is the editor-in-chief of the daily.,Mario Calabresi is the editor-in-chief of the Daily.,0.0
"German English,Non native speaker",I feel this morning like nothing but destruction awaits us.,I feel this morning like nothing but destruction awaits us.,0.0
"German English,Non native speaker","The Knights' main rivals are the East Carolina Pirates, and South Florida Bulls.","The Knights, Main Rivals are the East Carolina Pirates and South Florida Bulls.",0.15384615384615385
"German English,Non native speaker",Fixture manufacturing began soon after production of the incandescent light bulb.,Ficture manufacturing began soon after production of the incandescent light bulb.,0.09090909090909091
"German English,Non native speaker","Transmediation is closely linked to semiotics, which is the impact study of signs.","Transmediation is closely linked to semiotics, which is the impact study of science.",0.07692307692307693
"German English,Non native speaker",She is named after the city Harstad in Northern Norway.,She is named after the city Haastad in northern Norway.,0.1
"German English,Non native speaker",The outcome was positive.,The outcome was positive.,0.0
"German English,Non native speaker","It was launched as the ""West Eagle"".",It was launched as the worst eagle.,0.2857142857142857
"German English,Non native speaker","The team also competed in their own promotion, Pro Wrestling Unplugged.",The team also competed in their own promotion pro wrestling and plucked.,0.2727272727272727
"German English,Non native speaker",She nevertheless remained politically committed.,She nevertheless remained politically committed.,0.0
"German English,Non native speaker",He taught at the United States Military Academy at West Point.,He taught at the United States Military Academy at West Point.,0.0
"German English,Non native speaker","Only with his final threatening word, ""Gewalt"", does he depart from this chord.","Only with his final threatening word, Gavallit, does he depart from this court.",0.15384615384615385
"German English,Non native speaker",Those difficulties led to increasing administrative difficulties.,Those difficulties led to increasing administrative difficulties.,0.0
"German English,Non native speaker",Due to this conflict Bartel's third new cabinet only lasted four days.,"Due to his conflict, Bartel's third new cabinet only lasted for days.",0.25
"German English,Non native speaker",It combines military and political concerns.,It combines military and political concerns.,0.0
"German English,Non native speaker",The last few steps of the synthesis is shown below.,The last few steps of the centases is shown below.,0.1
"German English,Non native speaker",The prize recognizes and encourages outstanding achievements in planetary science by a young scientist.,The prize recognizes and encourages outstanding achievements in planetary science by a young scientist.,0.0
"Southern African (South Africa, Zimbabwe, Namibia)",Somerset has a lengthy and colorful history.,Somerset has a lengthy and colorful history.,0.0
"Southern African (South Africa, Zimbabwe, Namibia)",He follows Wigan Warriors.,He follows Wigan Warriors.,0.0
"Southern African (South Africa, Zimbabwe, Namibia)",Currently Alimentation Couche-Tard is one of the largest convenience store companies in the world.,"Currently, the power supply is one of the largest convenience store companies in the world.",0.2857142857142857
"Southern African (South Africa, Zimbabwe, Namibia)","Walsh was named one of the world's great explorers by ""Life"" magazine.",Walls was named one of the world's greatest explorers by Life magazine.,0.25
"Southern African (South Africa, Zimbabwe, Namibia)",It is impossible to determine whether Lycurgus was an actual historical figure.,It is impossible to determine whether the curve is an actual stone config.,0.4166666666666667
"Southern African (South Africa, Zimbabwe, Namibia)",Above the portal is an octagonal rosette and a statue of the Sacred Heart.,Above the portal is an octagonal rosette and a statue of the sacred heart.,0.0
"Southern African (South Africa, Zimbabwe, Namibia)",Her subsequent trial caused an enormous scandal at the time.,Her subsequent trial caused an enormous scandal at the time.,0.0
"Southern African (South Africa, Zimbabwe, Namibia)",Crackers are typically pulled at the Christmas dinner table or at parties.,Crack a certificate pulled at the Christmas dinner table or at parties.,0.25
"Southern African (South Africa, Zimbabwe, Namibia)","Currently, the Hartford station serves the town.",Currently the Hartford station serves the top.,0.2857142857142857
"Southern African (South Africa, Zimbabwe, Namibia)",A end units have odd numbers while D end units have even.,A and units have odd numbers while D and units have even.,0.16666666666666666
"Southern African (South Africa, Zimbabwe, Namibia)",Human disturbances have had immense effects on the populations of the Hawaiian monk seal.,Human disturbances have had immense effects on the populations of the Hawaiian monk seal.,0.0
"Southern African (South Africa, Zimbabwe, Namibia)",This possession permanently scars her mind.,This position permanently scars her mind.,0.16666666666666666
"Southern African (South Africa, Zimbabwe, Namibia)",Icons flashing in red are more valuable than ordinary icons.,icons flashing in red are more valuable than ordinary icons,0.1
"Southern African (South Africa, Zimbabwe, Namibia)",Sam Coslow hated Jones' irreverent treatment.,Simon Coslow hated Jones's irreverent treatment.,0.3333333333333333
"Southern African (South Africa, Zimbabwe, Namibia)",There were also problems with noticeable seams between polygons.,There were also problems with noticeable seams between polygons.,0.0
"Southern African (South Africa, Zimbabwe, Namibia)",Organised crime is deeply rooted in Naples.,Organized crime is deeply rooted in Naples.,0.14285714285714285
"Southern African (South Africa, Zimbabwe, Namibia)",This allowed it to operate on most lightly laid routes and secondary lines.,,
"Southern African (South Africa, Zimbabwe, Namibia)","Likewise, the Church of the Blessed Hope will accept a Christadelphian into fellowship.","Likewise, the Church of the Blessed Hope will accept a Christodolfian into fellowship.",0.07692307692307693
"Southern African (South Africa, Zimbabwe, Namibia)","The ending of a phrase, before a comma, or a stop, is always weak.",The ending of a phrase before a comma or a stop is always weak.,0.21428571428571427
"Southern African (South Africa, Zimbabwe, Namibia)",It does not readily apply in a mechanistic understanding of scientific discovery.,It does not readily apply in a mechanistic understanding of scientific discovery.,0.0
"Southern African (South Africa, Zimbabwe, Namibia)","Few aircraft can be considered ""dedicated"" daytime interceptors.",few aircrafts can be considered dedicated daytime interceptors,0.375
"Southern African (South Africa, Zimbabwe, Namibia)",These disciplines deal with different areas in the field of engineering.,These disciplines deal with different areas in the field of engineering.,0.0
"Southern African (South Africa, Zimbabwe, Namibia)",The census-designated place of Trego is located in the town.,The senses disinnated place of Trigger is located in the town.,0.3
"Southern African (South Africa, Zimbabwe, Namibia)",The Governor takes office the third Tuesday of January and has a four-year term.,The governor takes office at the third two-zone January and has a four-year term.,0.21428571428571427
"Southern African (South Africa, Zimbabwe, Namibia)",He began his engineering career with road and hydraulic engineering in Venice.,He began his engineer career with road and hydraulic engineering in Venice.,0.08333333333333333
"Southern African (South Africa, Zimbabwe, Namibia)","In the case of Silvers, these cats can appear almost white.",,
"Southern African (South Africa, Zimbabwe, Namibia)",The manifesto said the following.,The manifest is at the following.,0.6
"Southern African (South Africa, Zimbabwe, Namibia)",I felt obliged to allude to it.,I felt obliged to elude to it.,0.14285714285714285
"Southern African (South Africa, Zimbabwe, Namibia)","His tomb, which was enclosed by a wall has no inscription visible upon it.","He's tuned, which was enclosed by a wall, has no inscription visible upon it.",0.21428571428571427
"Southern African (South Africa, Zimbabwe, Namibia)","The cricket writer, Colin Bateman, noted, David Larter was a complex character.",The cricket writer Colin Badman noted David Latter was a complex character.,0.3333333333333333
"Southern African (South Africa, Zimbabwe, Namibia)","Sundays, there is generally a two-hourly service in each direction.",Sundays there is generally two hourly service in each direction.,0.3
"Southern African (South Africa, Zimbabwe, Namibia)",The lake is now the primary feature of Green River Lake State Park.,The lake is now the primary feature of the Green River Lake State Park.,0.07692307692307693
"Southern African (South Africa, Zimbabwe, Namibia)",The protesters chanted slogans calling for his release.,The protestist chanted slogans calling for his release.,0.125
"Southern African (South Africa, Zimbabwe, Namibia)",His immediate supervisor in his new post was Frank Coe.,Is immediate suit vise and his new purse with Franco?,0.8
"Southern African (South Africa, Zimbabwe, Namibia)",The Fulbright Program is administered by cooperating organizations like the Institute of International Education.,The Fulbright program is administered by cooperating organizations like the Institute of International Education.,0.0
"Southern African (South Africa, Zimbabwe, Namibia)","In private life, Pratt resides in Cincinnati, Ohio.","In private life, Pratt resides in Cincinnati, Ohio.",0.0
"Southern African (South Africa, Zimbabwe, Namibia)",His nickname in the locker room was Chunks.,His nickname in the locker room was Chunks.,0.0
"Southern African (South Africa, Zimbabwe, Namibia)",She was built as part of the Canadian Patrol Frigate Project.,She was built as part of the Canadian Patrol Frigate project.,0.0
"Southern African (South Africa, Zimbabwe, Namibia)",Air Iceland occasionally arrange charter flights for the travel industry.,Air Iceland occasionally arranged charter flights for the travel industry.,0.1
"Southern African (South Africa, Zimbabwe, Namibia)",Drag hunting is related to but distinct from trail hunting.,"Drag hunting is related to, but distinct from fail hunting.",0.2
"Southern African (South Africa, Zimbabwe, Namibia)",A man in a coat holds an infant while an older child smiles at the camera.,A man in a coat holds an infant while an old-child smiles at the camera.,0.125
"Southern African (South Africa, Zimbabwe, Namibia)",Join the club.,Γιούντε κλάμ!,1.0
"Southern African (South Africa, Zimbabwe, Namibia)",Its findings were never made public.,It's findings we never made public.,0.3333333333333333
"Southern African (South Africa, Zimbabwe, Namibia)",Its building complex comprises the former Department of Anatomy.,Its building complex comprises the former department of anatomy.,0.0
"Southern African (South Africa, Zimbabwe, Namibia)","Verdonk had decided to appeal, placing the matter before the Council of State.",Verdonk had decided to appeal placing the matter before the Council of State.,0.07692307692307693
"Southern African (South Africa, Zimbabwe, Namibia)","The nearest bridge across the Dart is in Totnes, some away by road.","The nearest bridge across the dot is in Tuttness, some away by road.",0.15384615384615385
"Southern African (South Africa, Zimbabwe, Namibia)",Count Gregor renounced his bad ways and became the town monk.,Crown Gregor announced his bad ways and became the Tal Monk.,0.2727272727272727
"Southern African (South Africa, Zimbabwe, Namibia)",One by one he proves to his own satisfaction why each is fatally flawed.,One by one he proved his own satisfaction why each is fatally flawed.,0.14285714285714285
"Southern African (South Africa, Zimbabwe, Namibia)","One of the best known of his illustrations is ""A Girl I Know"".",One of the best known illustrations is a cool I know.,0.38461538461538464
"Southern African (South Africa, Zimbabwe, Namibia)",She later completed a Master of Educational Administration.,She later completed a Master of Educational Administration.,0.0
"Southern African (South Africa, Zimbabwe, Namibia)",It wasn't worth it.,It wasn't worth it.,0.0
"Southern African (South Africa, Zimbabwe, Namibia)","In the years between the wars, he continued travelling and inventing.",In the years between the wars he continued travelling and inventing.,0.09090909090909091
"Southern African (South Africa, Zimbabwe, Namibia)",Drummond brought Shankar back to add strings to the other tracks on the album.,"Cronen, board sank out back to add strings to the other tracks on the open.",0.35714285714285715
"Southern African (South Africa, Zimbabwe, Namibia)","The name comes from James McHenry, an early settler of Vermillion, South Dakota.","The name comes from James McHenry, an earlier settler of the million South Dakota.",0.23076923076923078
"Southern African (South Africa, Zimbabwe, Namibia)",Mayor Wright was married to May Martha Lycett Wright.,May right was married to May Martha Lisset Wright.,0.3333333333333333
"Southern African (South Africa, Zimbabwe, Namibia)",He was named Mehmed Rauf but adopted Rauf Yekta as a pen name.,"He was named Mechmech Ralf, but adopted Ralfyect as a pin name.",0.38461538461538464
"Southern African (South Africa, Zimbabwe, Namibia)","Worldwide, various events are held to demonstrate support for environmental protection.",Worldwide various events are held to demonstrate support for environmental protection.,0.09090909090909091
"Southern African (South Africa, Zimbabwe, Namibia)",It is used by some as an entheogen.,It is used by some as an end-theogen.,0.125
"Southern African (South Africa, Zimbabwe, Namibia)",Bourne undertook the project while the larger Boldt Castle was nearing completion nearby.,Born and it took the project while the larger bolt castle was nearing completion nearby.,0.38461538461538464
"Southern African (South Africa, Zimbabwe, Namibia)",He laid his job on the line by producing the album.,He laid his job on the line by producing the album.,0.0
"Southern African (South Africa, Zimbabwe, Namibia)",The Happy Eater chain employed female table serving staff.,The happy ETA chain employed female table serving staff.,0.1111111111111111
"Southern African (South Africa, Zimbabwe, Namibia)","We hates it, we hates it, we hates it forever!","We hate it, we hate it, we hate it forever.",0.4
"Southern African (South Africa, Zimbabwe, Namibia)","Licensed to Altona, Manitoba, it serves the Pembina Valley region of the province.","Licensed in Altuna, Manitoba, it serves the Pimbina Valley region of the province.",0.23076923076923078
"Southern African (South Africa, Zimbabwe, Namibia)","The society research was expanded to include radio meteor studies, then spectroscopy of meteors.",The Society Research was expanded to include radio-metre studies than spectroscopy of meteors.,0.2857142857142857
"Southern African (South Africa, Zimbabwe, Namibia)",Parker was asked to drop by the Disney Studio.,Parker was asked to drop by the Disney stadium.,0.1111111111111111
"Southern African (South Africa, Zimbabwe, Namibia)","Two days later, he scored his first points as a member of the team.","2 days later, Scott is first points as a member of the team.",0.2857142857142857
"Southern African (South Africa, Zimbabwe, Namibia)","Perennially unfashionable in high art circles, his work was nevertheless popular with the public.",Perennial and fashionable in high art circles. His work was nevertheless popular with the public.,0.2857142857142857
"Southern African (South Africa, Zimbabwe, Namibia)",The municipal council elects the town hall committee for a term of two years.,The municipal council elects the Tom Wilk committee for a camp of two years.,0.21428571428571427
"Southern African (South Africa, Zimbabwe, Namibia)","His mother, Empress Michiko, is a Shinto convert from Roman Catholicism.","His mother, Empress Michiko, is a shinto convert from Roman Catholicism.",0.0
"Southern African (South Africa, Zimbabwe, Namibia)","Main export products are Ylang Ylang, cloves and vanilla.","Main export products are Langlang, Clothes and Vinilla.",0.4444444444444444
"Southern African (South Africa, Zimbabwe, Namibia)","Tomme de Montagne is a collective term for the upland varieties, e.g.","Tom the Montana is a collective term for the Appland varieties, e.g.",0.3333333333333333
"Southern African (South Africa, Zimbabwe, Namibia)","Abort, Retry, Fail?",A board retry file.,1.3333333333333333
"Southern African (South Africa, Zimbabwe, Namibia)",Three mid-deck experiments were included on the mission.,Three MedDeck experiments were included on the mission.,0.125
"Southern African (South Africa, Zimbabwe, Namibia)",There is nothing to do during the day besides of lying comfortably on my pillow.,"There is nothing to do during the day, besides of lying comfortably on white pillow.",0.13333333333333333
"Southern African (South Africa, Zimbabwe, Namibia)",They saw each other for the first time in Boston.,They sew each other for the first time in Boston.,0.1
"Southern African (South Africa, Zimbabwe, Namibia)","George Washington Glick was raised on his father's farm near Greencastle, Ohio.","George Washington, click, was raised on his father's farm near Green Castle, Ohio.",0.3333333333333333
"Southern African (South Africa, Zimbabwe, Namibia)","Fletcher made his name as a tough, ball-winning midfielder at Brisbane.",Fletcher made his name as a tough ball-winning midfielder at Brisbane.,0.09090909090909091
"Southern African (South Africa, Zimbabwe, Namibia)",The joinery in one of the rooms in the left wing is exceptional.,The joinery in one of the rooms in the left wing is exceptional.,0.0
"Southern African (South Africa, Zimbabwe, Namibia)","In Italy they are known as ""polpettone"", consisting of a meatloaf filled with eggs.","In Italy they are known as Poperton, consisting of a meatloaf with eggs.",0.14285714285714285
"Southern African (South Africa, Zimbabwe, Namibia)",The President of the International Rescue Committee is former British Foreign Secretary David Miliband.,The president of the International Rescue Committee is former British Foreign Secretary David Millie Bad.,0.14285714285714285
"Southern African (South Africa, Zimbabwe, Namibia)",The actress saw a counsellor during her recovery.,The actress saw a counselor during her recovery.,0.125
"Southern African (South Africa, Zimbabwe, Namibia)","The region was also called the Lone-lands, a translation of ""Eriador"".","The region was also called the Lone Land, a translation of Iridore.",0.2727272727272727
"Southern African (South Africa, Zimbabwe, Namibia)","To look for his past, he searches lavatories around the world.","To look for his past, he searches laboratories around the world.",0.09090909090909091
"Southern African (South Africa, Zimbabwe, Namibia)","They appear in stories featured in ""Adventure Comics"" involving the Legion of Super-Heroes.",They appear in stories featured in adventure comics involving the Legion of Superheroes.,0.23076923076923078
"Southern African (South Africa, Zimbabwe, Namibia)","In the first stage of construction, the main elements are of Romanesque influence.","In the first stage of construction, the main elements are of Romanesque influence.",0.0
"Southern African (South Africa, Zimbabwe, Namibia)",Brown tendered his resignation eight days later.,Bran tented his resignation eight days later.,0.2857142857142857
"Southern African (South Africa, Zimbabwe, Namibia)","University of the Southwest grants baccalaureate degrees in Arts and Sciences, Business, and Education.","University of the Southwest grants Baccalaureate degrees in Arts, Science, Business and Education.",0.2857142857142857
"Southern African (South Africa, Zimbabwe, Namibia)",It has girls' and boys' T-ball and baseball included in its programs.,"It has girls and boys, T-Ball and baseball included in its programs.",0.16666666666666666
"Southern African (South Africa, Zimbabwe, Namibia)","The extra genetic material disrupts normal development, causing multiple and complex organ defects.","The extraternetic material distracts normal development, causing multiple and complex organ defects.",0.23076923076923078
"Southern African (South Africa, Zimbabwe, Namibia)",This eliminated almost all opposition to the Romans in southern Gaul.,This eliminated almost all opposition to the moments in 7th grade.,0.2727272727272727
"Southern African (South Africa, Zimbabwe, Namibia)",The song was produced by Xeno Carr.,The song was produced by Zenokur.,0.2857142857142857
"Southern African (South Africa, Zimbabwe, Namibia)",The interview was conducted by Alex Fishman and Sima Kadmon.,The interview was conducted by Alex Fischmann and Sue Reckhademann.,0.3
"Southern African (South Africa, Zimbabwe, Namibia)","Subsequently, Palpatine is elected as the new Supreme Chancellor, and Gunray is arrested.","Subsequently, Palpatine is elected as a new Supreme Chancellor and gun ray is arrested.",0.3076923076923077
"Southern African (South Africa, Zimbabwe, Namibia)",European Hit Radio had stations in Hungary too.,European Hit Radio had stations in Hungary too.,0.0
"Southern African (South Africa, Zimbabwe, Namibia)","Thus Mousa was considered two islands, namely North Isle and South Isle.","Thus, Muser was considered two islands, namely North Isle and South Isle.",0.16666666666666666
"Southern African (South Africa, Zimbabwe, Namibia)","Bernhard Siegfried, who was twice rector of his university, died at Leiden.","Bernhard Sinkfried, who was twice rektor of his university died at leader.",0.3333333333333333
"Southern African (South Africa, Zimbabwe, Namibia)","The plane, skimming low and undetected, returned to strike ""Callaghan"" on the starboard side.","The plane skimming low and undetected, return to strike kelehan on the starboard side.",0.21428571428571427
"Southern African (South Africa, Zimbabwe, Namibia)",Preud'homme met Mourinho when he once visited Barcelona.,Brad Om met Muriano once he visited Barcelona.,0.625
"Southern African (South Africa, Zimbabwe, Namibia)",Each was subsequently banned for two years.,Each was subsequently banned for two years.,0.0
"Southern African (South Africa, Zimbabwe, Namibia)",Annealing is the heat-treatment used to make the metal soft again.,A kneeling is the heat treatment used to make the metal soft again.,0.36363636363636365
Filipino,Hoteling is more appropriate to some work roles than others.,Hotel is more appropriate to some workloads than others.,0.3
Filipino,The other railway station in the town is on the Shotts Line.,The railway station in the town is on the shots line.,0.16666666666666666
Filipino,The Cherwell is the northernmost tributary of the Thames.,The turban is the northern most tributary of the Thames.,0.3333333333333333
Filipino,And they are respectable people.,And they are respectable people.,0.0
Filipino,This was in sharp contrast with some of the northern Indian kings.,This was in sharp contrast to put some of the Northern Indian kings.,0.16666666666666666
Filipino,Curran Renewable Energy manufactures wood pellet fuel and mulch in the town.,Curran renewable energy manufacturers would build fuel and mulch in the town.,0.25
Filipino,"Headed by Admiral Jose Malcampo, they captured Jolo and established a Spanish settlement.","Headed by Admiral José Malkampo, the captured hallot in established a Spanish settlement.",0.38461538461538464
Filipino,Hennepin is part of the Ottawa-Streator Micropolitan Statistical Area.,Anas pänder ka metresasa steles,1.0
Filipino,Nuclear proliferation is a major threat to the international peace and security.,Nuclear Plore Veración es un gran trato de la comunidad internacional en la Seguridad.,1.0833333333333333
Filipino,"As she is not wearing her pearls, the gang flee without any loot.","As she is not wearing her pearls, the gang flee without any loot.",0.0
Filipino,The acorns of the chestnut oak are a valuable wildlife food.,The acorns of the Chestnut Oak are a valuable wildlife food.,0.0
Filipino,He also served as an army Captain in the Mexican-American War.,He also served as an Army Captain in the Mexican-American War.,0.0
Filipino,The referendum did not end as expected.,The referendum did not end as expected.,0.0
Filipino,"Later, he moved to Wellington, working for the Government Stores Board.",Later he moved to Wellington working for the government's stores board.,0.2727272727272727
Filipino,"According to the filing, they would like to keep doing business while they restructure.","According to the filing, they would like to keep doing businesses while they were",0.14285714285714285
Filipino,The phenomenon is also known as data decay or data rot.,Minominant is also known as Data Decade or Data Rat.,0.36363636363636365
Filipino,"The next month, Sigismund was accepted as King of Bohemia by all major factions.",The next month's Seekis Moon was accepted as King of Bohemia by all major factions.,0.21428571428571427
Filipino,Squier was also in the broadcast booth for Sprint Cup Series final practice.,Square was also in the broadcast booth for his Grand Cup Series Final Practice.,0.23076923076923078
Filipino,As well as What a Carve Up!,as well as with a carve up,0.2857142857142857
Filipino,"Specifically, the player could solicit intercourse from a virtual prostitute, and then kill her.","Specifically, that player allows deles of intercourse from overtral prostitute now go down the top to inductive form",1.0
Filipino,No wedding without flowers or shroud without tears.,No waiting without flowers or shard without tears,0.375
Filipino,This list includes both captains and prominent crew members.,This list includes both captains and prominent crew members.,0.0
Filipino,It is one of the most frequently played musical theatre pieces in history.,It is one of the most frequently played musical theater pieces in history.,0.07692307692307693
Filipino,Other explanations are possible.,Other explanations are possible.,0.0
Filipino,"It has a well restored old city, and its own dialect.",It has a well restored old city and its own dialect.,0.09090909090909091
Filipino,Gerasimovich is located at the antipode of the Mare Crisium impact basin.,Garasi Mobic is located at the Antipod of the Maori Chrism Impact Basin.,0.4166666666666667
Filipino,This is the largest capital project in the city's history.,This is the largest capital project in the city's history.,0.0
Filipino,The novel uses the first version of the term as a plot point.,The novel uses the first version of the term as a plot point.,0.0
Filipino,"Wainscot stories involve hidden parts of the familiar, mundane world.",Foeing Scott stories involve hidden parts of the familiar mundane world.,0.3
Filipino,Lord George Murray and Lord Charles Murray-Aynsley were his younger brothers.,Lord George Murry and Lord Charles Murry and Steve were his younger brothers.,0.36363636363636365
Filipino,It includes the villages of Broomhaugh and Riding Mill.,It includes the villages of Brumha and Riding Mill.,0.1111111111111111
Filipino,"With the worst possible records, Joel continues playing at a professional level.","With the worst possible records, Joel continues playing at a professional level.",0.0
Filipino,"In an upset, Young defeated Bricker.","in an upset, long defeated record.",0.3333333333333333
Filipino,The second featured the Arthur Baker Dance Mix as the B-side.,"The second feature, the Arthur Baker Dance Mix, as the B-Sign.",0.2727272727272727
Filipino,Kerr was imaginative and inspired with some of his signings.,Kara was imaginative and inspired with some of his signings.,0.1
Filipino,"In fairs and parties, with donkeys and wives of others.",Μεplaces & parties withmosestões & wives of other,0.8
Filipino,"In addition, the Rensselaers harvested timber from the property.","In addition, the rencilerus harvested timber from the property.",0.1111111111111111
Filipino,"He did not submit, but was knocked-out by the hold.",He did not submit but was knocked out by the hold.,0.3
Filipino,This information is generally available at any time to course participants.,This information is generally available at any time to course participants.,0.0
Filipino,"""Kung Fu Panda"" was also well received in China.",Kung Fu Panda was also well received in China.,0.2222222222222222
Filipino,The band derived its name from the Modoc warrior Shacknasty Jim.,The band derived its name from the ModoQ Warrior ShatNastijim.,0.2727272727272727
Filipino,"The word ""syringe"" was derived from this word.",The word syringe was derived from this word.,0.125
Filipino,The Haughton crater is now considered one of Earth's best Mars analog sites.,The Houghton creators now considered one of Earth's best Mars analog sites.,0.23076923076923078
Filipino,Dollar made a special mention to the currently open membership for the team.,Dollar made a special mention to the currently open membership for the DM.,0.07692307692307693
Filipino,"The series was quite popular, often getting the cover illustration.","The series was quite popular, often getting the cover illustration.",0.0
Filipino,"The closure not only affected ""Asheron's Call"", but also its sequel.","The closure not only affected Ashon's call, but also its sequel.",0.18181818181818182
Filipino,"Despite this, it was used in the past in herbal medicines.","Despite this, it was used in the past in herbal medicines.",0.0
Filipino,"The power brokers of the time, the clergy and nobles, deemed such ideas dangerous.","The power broopers of the time, the poetry and almost same such ideas dangers.",0.35714285714285715
Filipino,Then Amilias fell apart.,Dan Amelia's fell apart.,0.5
Filipino,"His poems become more daring, free, and complex, while also reflecting greater doubt.","His poems become more daring, free and complex while also reflecting greater dog.",0.23076923076923078
Filipino,Another area of importance of the platysma lies in plastic surgery.,Another area of importance of the platysma lies in plastic surgery.,0.0
Filipino,He specializes in making comic adaptations of literature classics.,He specializes in making comic adaptations of literature classics.,0.0
Filipino,Elizabeth Witmer has been appointed as his successor.,Elizabeth Whitmer has been appointed as his successor.,0.125
Filipino,The future of the movie was then put on hold.,s Baptist logo dobl hyndyfae,1.0
Filipino,This is my rookie uniform and was literally thrown at me.,This is my Rookie uniform and was a literalist thrown at me.,0.18181818181818182
Filipino,"Allyls, acrylates and styrenics contain vinyl groups.",Alleles accolades and tyrannics contain vinyl groups.,0.42857142857142855
Filipino,Verbs are conjugated for person and number of both the subject and the object.,Verbs are conjugated for person and number of both the subject and the object.,0.0
Filipino,"In Europe, Poma and Leitner operate as separate ventures.","In Europe, POMA and Latener operate as separate ventures.",0.1111111111111111
Filipino,Most people walk the trail during winter when the days are cooler.,Most people walk the trail during the interlinda these are cooler.,0.3333333333333333
Filipino,He died in Canada living under the name Peter Markis.,Idaad in Canada living under the name Peter Marcus.,0.3
Filipino,They were Divided and could not Effect it.,They were divided and could not affect it.,0.125
Filipino,"Otter Creek, one of the longest rivers in Vermont, forms the western border.","Other Creek, one of the longest rivers in Vermont, forms the western border.",0.07692307692307693
Filipino,The bridge is operated as a toll bridge by the Port of Hood River.,The bridge is operated as a tall bridge by the port of Hood River.,0.07142857142857142
Filipino,"The symbol of the division, a cornflower, was emblazoned on the divisional shield.","This symbol of the division, a corn flower, was implased and wanted the vision of the show.",0.7692307692307693
Filipino,The edges of the rim have a somewhat higher albedo.,The edges of the rim have a somewhat higher albedo.,0.0
Filipino,Formula is always enlivened by a serious social issue.,Formalized always and leaving the serious social issue.,0.5555555555555556
Filipino,They originated from Rhyl in North Wales.,They originated from Ryle in North Wales.,0.14285714285714285
Filipino,Explosive velocities are always faster than the local speed of sound in the material.,Explosive velocities are always faster than the local speed of sound in the material.,0.0
Filipino,Its of grassland and salt marsh surround the westernmost inlet of Jamaica Bay.,It's of Wresland and Saltmush surrounded the westernmost inland of Jamaica Bay.,0.46153846153846156
Filipino,Ice hockey is also popular in Latvia.,Ice hockey is also popular in Latvia.,0.0
Filipino,Carantania covered part of the territories of the current states of Austria and Slovenia.,Carantanya covered part of the territories of the<|tr|>,0.5714285714285714
Filipino,"Outraged by this, Walter and Rusty part ways angrily.","Updates by this, Walden Rusty, Park Place and Grille.",0.7777777777777778
Filipino,"Har Nof has been described as a ""financial hub"" in the city of Jerusalem.",Harnoff has been described as a financial hub in the city of Jerusalem.,0.2857142857142857
Filipino,"His grandson Clement, later became the mayor of Batley.",His grandson Clement later became the Mayor of Batley.,0.1111111111111111
Filipino,Twelve of the thirteen books are also available as audiobooks.,12-13 books are also available as audio books.,0.6
Filipino,This actions were common in political campaigns.,This actions were common in political campaigns.,0.0
Filipino,She gradually recovers from those injuries.,She gradually recovers from those injuries.,0.0
Filipino,Their uniforms have become their trademark.,Their uniforms have become their trademark.,0.0
Filipino,"He was born in Weston, Ontario - the son of Lithuanian-born parents.","He was born in Western Ontario, the son of Lithuanian born parents.",0.4166666666666667
Filipino,Khulna is under the jurisdiction of the Jessore Education Board.,Kala is under the jurisdiction of the Jesuit Education Board.,0.2
Filipino,"But now we feel like everything happened on this record, but so much more.","But now we feel like everything happened on this record, but so much more.",0.0
Filipino,I don't know that so much.,I don't know that so much.,0.0
Filipino,"This alphabet is currently used by Chinese Tatars, who speak an archaic Tatar language.",This alphabet currently used by Chinese tailors who speak an archaic data language.,0.21428571428571427
Filipino,"He writes, such systematic practice of mindfulness was not preserved in the Tibetan traditions.","He writes, such systematic practice of mindfulness was not preserved in the Tibetan traditions.",0.0
Filipino,They are also readily available.,They are also readily available.,0.0
Filipino,It is enclosed by a compound wall which has four gopuras or towers.,It is enclosed by a compound wall which is for gopadas or towers.,0.23076923076923078
Filipino,Excess rice is delivered and imported to other provinces of the Philippines.,Excess rice is delivered and imported to other provinces of the Philippines.,0.0
Filipino,The arrival of the three men and dog is noticed by a Roman patrol.,The arrival of the three men and dog is noticed by a Roman patrol.,0.0
Filipino,Reproductive rate of females appears to be limited by difficulties in finding suitable hosts.,Reproductive rate of females appears to be limited by difficulties in fighting you,0.21428571428571427
Filipino,The present name of Drexel was the name of a local store owner.,The present name of Draxel was the name of a local store owner.,0.07692307692307693
Filipino,Earlier provision is generally characterised as nursery or kindergarten.,Earlier provision is generally characterized as nursery or kindergarten.,0.1111111111111111
Filipino,It has since been privatized.,It has since been privatized.,0.0
Filipino,The viaduct terminates at the Battery Street Tunnel.,The via duct terminates at the battery street tunnel.,0.25
Filipino,maybe there isn't a heaven,Maybe there isn't a heaven.,0.2
Filipino,"Diamond D is credited for ""Hip Hop"".",Diamond D is credited for hip hop.,0.2857142857142857
Filipino,"He is a former writer for ""SpongeBob SquarePants"".",He is a former writer for SpongeBob SquarePads.,0.25
Filipino,"Subordinate to them were roles such as ""Chief Accountant"" and ""Technical Director"".",Subordinate to them were roles such as Chief Accountant and Technical Director.,0.3333333333333333
Filipino,Some are pub games.,Some are popcaps.,0.5
Filipino,"Almost immediately after the treaty was established, the two parties disagreed on its meaning.","Almost immediately after the treaty was established, the two parties disagreed on its meaning.",0.0
Filipino,"He made a handful of great saves, conceding one goal to the locals.","He made a handful of great saves, considering one goal to the locals.",0.07692307692307693
Singaporean English,One night Matamoros broke the siege and could join Miguel Bravo in Aculco.,"One night, Matawa was broke the siege and could join Meguel Bravo in that kill call.",0.5384615384615384
Singaporean English,"At around the same time, the Romans were finally the victors over Carthage.",And around the same time the Romans will finally lead the victors of a cottage.,0.5384615384615384
Singaporean English,It is the home of the football team of Harvard.,It is the home of the football team of Harvard.,0.0
Singaporean English,"These crossbands are edged by fine, irregular, beige spots.",These crossbands are edge by fine irregular beige spots.,0.3333333333333333
Singaporean English,"Parker attended Union Theological Seminary, and became an ordained Christian minister.",Parker attended Union Theological Seminary and became an ordained Christian Minutes Então.,0.2727272727272727
Singaporean English,Bock's description of oak apples is noted in the entomologists data base.,Box description of Oak Air Force is noted in the entomologist database.,0.5
Singaporean English,"One confirmed vector of the virus is the phlebotomine sand fly ""Lutzomyia shannoni"".","One confirmed vector of the virus at the flabotamin sandfly, Lutomia Shannoni.",0.46153846153846156
Singaporean English,The existing dam is the second structure to be called the American Falls Dam.,The existing dam is the second structure to be called the American Falls Dam.,0.0
Singaporean English,"Their blended family includes daughters Alexis, Hailey, Addison and son, Jack.","Their blended family includes daughters, exes, heeley, Edison and son, Jack.",0.36363636363636365
Singaporean English,Final mixing was performed at Crystal Sound.,Final mixing was performed at Crystal Sound.,0.0
Singaporean English,Also by their northern border were the Wasco-Wishrams.,Also buy another in-border with the white school wish rooms.,1.125
Singaporean English,Many deploy broad blocks of harmoniously arranged colour and are symbolic rather than narratival.,Selang democrat idolak- building menerjakan suaja meng Khaled dan gunakan bawa Sembalik menerjak jalan,1.0
Singaporean English,Criminal mischief is usually a misdemeanor.,Dürfen Sie dasinho.,1.0
Singaporean English,"However, this is only a persona, as discussions on Mecha-Mecha Iketeru!",それら最も悪さ if you do not want to meet as famousüstれ case foravaş,1.0909090909090908
Singaporean English,The client programs realize more complex functionalities by interacting with the server.,The client program to realize more complex functionalities by interacting with the server.,0.16666666666666666
Singaporean English,Wapishana is classified as a member of the Arawak language family.,Wapishana is classified as a member of the Arrowwalk language family.,0.09090909090909091
Singaporean English,The American loss is uncertain.,The American loss is uncertain.,0.0
Singaporean English,Trenches were dug across the surrounding area to prevent an airborne attack.,Trenches would dive across the surrounding area to prevent an airborne attack.,0.16666666666666666
Singaporean English,"In all other circumstances, a military award should be considered.","In all other circumstances, a military award should be considered.",0.0
Singaporean English,It was the first notable milestone on the long rocky road towards colonial unity.,"Ini là sebuah Rok Fok Bolangan dengan isi liderasi, Sejur pursuing kont",1.0
Singaporean English,"Jinny is a socialite whose world view corresponds to her physical, corporeal beauty.","Ginny is a socialite whose worldview corresponds to her physical, corp, real beauty.",0.38461538461538464
Singaporean English,Guizot expounded and carried out this doctrine with uncompromising rigour.,Guizot expounded and carried out this doctrine with uncompromising rigor.,0.1
Singaporean English,Release of this set is now delayed indefinitely.,Release of this set is now delayed indefinitely.,0.0
Singaporean English,"The initial configuration, however, is not stable and radiates energy as gamma rays.",The initial configuration however is not stable and radiates energy as gamma rays.,0.15384615384615385
Singaporean English,"Since that date any new ""development"" has required planning permission.","With that date, any new development has a quite planning permission.",0.5
Singaporean English,Popular control during this era of orthodoxy was maintained through various means.,Popular control during this era of orthodoxy has maintained through various means.,0.08333333333333333
Singaporean English,This matches the substantive policy of freedom of contract.,Kepat ini menjadi tentang cantik bakal SIMP,1.0
Singaporean English,Currently provides training in architecture and urban design and has about three hundred students.,Currently provides training and architecture and urban design and has about 300 students.,0.21428571428571427
Singaporean English,"After all, most tests are administered to find out something about future behavior.","Memang,FRP når mayorite ter mixing itu buat anda traintkan mock 對不對",1.0
Singaporean English,It may cause breathing difficulty within minutes after eating a food containing it.,It may cost breathing difficulties within minutes after eating a food containing it.,0.15384615384615385
Singaporean English,This is a simple consequence of the Lagrange form of the remainder.,This is a simple consequence of the Lagrange form of the remainder.,0.0
Singaporean English,"While running the school, she sponsored competitions for American musicians to develop American music.","While running this school, she's haunted competitions for American musicians to develop American music.",0.21428571428571427
Singaporean English,"Of all Pakal's construction projects, perhaps the most accomplished is the Palace of Palenque.","Of all Pagos construction projects, perhaps the most accomplished is the Paris of Pentegrin.",0.21428571428571427
Singaporean English,"Under international funding, the temple has undergone many changes, both structurally and internally.",Dalam ke randomly panjang,1.0
Singaporean English,This is also used at other points where lanes merge.,This is also used at other points where lanes merge.,0.0
Singaporean English,Brady also threw for two touchdowns and an interception.,Radio is a true for two such downs and an interception.,0.6666666666666666
Singaporean English,Brent Cross Cricklewood is a planned new town centre development in Hendon and Cricklewood.,Breadcross Cricket Wood is a planned new town centre development in Hendon and Cricket Wood.,0.35714285714285715
Singaporean English,Symmetry given assumes all faces are the same color.,Symmetry given assumes all faces are the same color.,0.0
Singaporean English,The French had lost control of all other river crossings.,The French had lost control of all other river crossings.,0.0
Singaporean English,"The Nibutani Dam is situated on the Saru River, at Nibutani village.","doivent dalam Maraud Aquirlis, Pada Helpadan datang diadalah alam akad L hyputan",1.0
Singaporean English,"Alpert compared perfume to music, with high and low notes.",Output compared perfume to music with high and low notes.,0.2
Singaporean English,These depressions are probably bite marks.,Beave the passions of probably bite marks.,0.6666666666666666
Singaporean English,Tell me something relevant to what I am trying to accomplish - something scientific.,Tell me something relevant to what I am trying to accomplish. Something scientific.,0.14285714285714285
Singaporean English,"He also provided the voicing for several characters in the videogame ""Discworld"".",He also provided the voicing for several characters in the video game Discworld.,0.25
Singaporean English,One wounded man was killed by a shell while the corporal was carrying him.,One wounded man was killed by a shell while the corporal was scaring him.,0.07142857142857142
Singaporean English,"The commune is located on the east side of the department, southeast of Pau.","The commune is located on the east side of the department, southeast of Powell.",0.07142857142857142
Singaporean English,Vicary was unable to ever reproduce the results of his experiments.,The queers are unable to ever reproduce the results of its experiments.,0.36363636363636365
Singaporean English,The country of Slovakia is represented by the Slovak national team.,The Country Or Slovakia is represented by the Slovak National Team.,0.09090909090909091
Singaporean English,Baldwin himself designed the two storey wood frame house.,Paul himself designed a do-sorry wood frame house.,0.4444444444444444
Singaporean English,"The aircraft is operated by many private individuals, companies and flying clubs.","Satu serves orang ini berz 43 emang dapat penuh diundang barang daar? Makan glob, untuk k Baron!",1.4166666666666667
Singaporean English,E. W. started as an office boy at the paper.,EW started as an office boy at the paper.,0.2
Singaporean English,"He later told a biographer he felt the song's success was ""undeserved"".",He later told a biographer his felt the song's success was undeserved.,0.16666666666666666
Singaporean English,"There is still the use of the horseshoe arch, at least decoratively.",There is still the use of the Horshu arc at least decoratively.,0.16666666666666666
Singaporean English,Lacking professional routine his painting seem bitter and sounding.,Buat kekemburan model penghebatan marah diотil dalam estuperis.,1.0
Singaporean English,The signal is 'buffered from' load currents.,The signal is buffed from load current.,0.42857142857142855
Singaporean English,"This occurs if the lines are parallel, or if they intersect each other.",This occurs if the lines are parallel or if they intersect each other.,0.07692307692307693
Singaporean English,The architectural elaboration served to stress the dignity of the cella.,the architechial elaboration surfed to stress the dignity of the cellar.,0.2727272727272727
Singaporean English,"Hattusili renamed Urhi-Teshup's sibling Ulmi-Teshup ""Kurunta"" and appointed Kurunta over Tarhuntassa in his place.","Anak s debit beruntung, menarik tempat setengah ratt osun yummy bangun uh Karanta dan atas kartat Ying 51",1.2857142857142858
Singaporean English,One day a doctor suggested that she learn how to meditate.,"One day, a doctor suggested that she learn how to meditate.",0.09090909090909091
Singaporean English,"But, the plane never turned left again.",but the plane never turned left again,0.2857142857142857
Singaporean English,These men became known as 'Vaughan's doves'.,"Please, when we come known as Vaughan Stuffs.",0.8571428571428571
Singaporean English,Stress: Nonphonemic stress on final syllable.,,
Singaporean English,The band's purpose was expressly evangelistic.,The band's purpose was expressly evangelistic.,0.0
Singaporean English,"The name Brumstead is believed to derive from the ""place of broom"".",The name Drumsteed is believed to derive from the place of Brug.,0.25
Singaporean English,"Eddy regularly performs in Austin, Texas with the Salvage Vanguard Theater.","Eddie regularly performs in Austin, Texas with the salvage Vanguard theater.",0.09090909090909091
Singaporean English,Emily Jones is the director.,,
Singaporean English,"They lived in Los Angeles, California.","They left in Los Angeles, California.",0.16666666666666666
Singaporean English,The Pulitzer Committee issues an official citation explaining the reasons for the award.,Vladimir Nickp Sometimeja akan memint unique liftingLook Minsang dalam kerja di designers suara laris untukusi kisah.,1.2307692307692308
Singaporean English,"The programme caused a controversy for allegedly featuring distasteful, sexist, offending and humiliating content.",The Program calls the controversy for allegedly featuring the stage 2 success to offending and humiliating content.,0.5714285714285714
Singaporean English,The company was renamed as Los Angeles Transit Lines.,Parsh Lab wanita main ter弾愫来 siinäBefore,1.0
Singaporean English,All police officers statewide are required to attend basic training at the facility.,"Felik, selama beri perasaulakan, bayi preferset, kebajangan bias Contentsty",1.0
Singaporean English,The Chuckwalla Range is divided from the Little Chuckwalla Range by Graham Pass.,The chakwala range is divided from the little chakwala range by Graham Pass.,0.15384615384615385
Singaporean English,"Aside from Bruni and Ambrogio Traversari, they included Guarino da Verona and Palla Strozzi.","Aside from Bruni and Embrogyo Traversary, they included Gerrino, Davaruna and Pella Strozzi.",0.42857142857142855
Singaporean English,The mixed color fraction is the least valuable.,The mixed colour fraction is the least valuable.,0.125
Singaporean English,"Although a crayfish, the species is locally known as the giant freshwater lobster.","Although a crayfish, the species is locally known as the Giant Fresh Water Lobster.",0.15384615384615385
Singaporean English,Dedicoat also works as an after dinner speaker.,disp lastinya.,1.0
Singaporean English,This gave Opeth three weeks to rehearse and perfect the recording in the studio.,This gave Overf 3 weeks to rehearse and perfect the recording in this studio.,0.21428571428571427
Singaporean English,It was not altogether forgetfulness.,It was not odd to get a focalfunas.,1.0
Singaporean English,The cryptoporticus can be visited through the museum.,Peraman auf jalan bentuk maven bullet di jalan ka Golf,1.25
Singaporean English,"His novels are ""Lincoln's Better Angel"" and ""The Blue Door.","His novels are linkolins, battle angel and the blue door.",0.4
Singaporean English,One could sense the struggle going on within.,One could sense the struggle going on within.,0.0
Singaporean English,"There he met another American pilot, Charles Nordhoff.","There he met another American pilot, Charles Notewolf.",0.125
Singaporean English,There is a general increase in knee and hock swelling as crate width decreases.,There is a general increase in knee and hawk swelling as crink width decreases.,0.14285714285714285
Singaporean English,Normally such paper towels are two-ply.,"Normally, such PayPal popcorn are to fly.",0.8333333333333334
Singaporean English,"All of these re-releases came in the 'digipak' format, collecting many bonus tracks.","All of these re-releases came into DigiPack format, collecting many bonus tracks.",0.23076923076923078
Singaporean English,The Pussycat Dolls.,The pussycat toes,0.3333333333333333
Singaporean English,She mostly played the leading actor's love interest in all these films.,She mostly played a leading actor's love interest in all his films.,0.16666666666666666
Singaporean English,Gold and silver were used.,more than silver we used,0.8
Singaporean English,Privatisations have always been controversial in Ireland.,Privatization has always been controversial in Ireland.,0.2857142857142857
Singaporean English,"Traditional instruments used include: the kudu horn, calabash, rattles, makeyana and reed flute.","Traditional instruments used include the Kudu-gon, Kalabash, Rattles, Makayana and Reed flute.",0.38461538461538464
Singaporean English,"Roydon is famous for its black poplar trees, particularly the World's End Poplar.","Rhyden is famous for its black popular trees, particularly the world and popular.",0.38461538461538464
Singaporean English,"In the episode ""Emperor's New Clothes"", Regis Philbin provided the voice of the Emperor.","In the episode Emperors New Clothes, Regis Philbin provided the voice of the emperor.",0.14285714285714285
Singaporean English,There are two Confederate dead interred in the cemetery.,yang item est다는 untuk melihat res sağ Melendang,1.0
Singaporean English,It has been reissued since then by several publishers.,It has been re-each-shoops since then by several publishers.,0.1111111111111111
Singaporean English,Graphite was originally implemented on Windows.,Grafite was originally implemented on windows.,0.16666666666666666
Singaporean English,A new shallower-dish steering wheel was also introduced.,A new shallower this steering wheel was also introduced.,0.25
Singaporean English,He was married to the soprano Teresina Brambilla.,He was married to the soprano Tarasina Brambilla.,0.125
Singaporean English,She has since gained control through training and maturity.,She has since gained control through training and maturity.,0.0
Singaporean English,"Then, there were three more generations until ""Somananda"".","Kemudian, ikh hora makan poin sejauh kepengarhan disse.",1.0
Singaporean English,It is a resident breeder endemic to the Bahamas.,It is a resident reader and a demict to the Bahamas.,0.4444444444444444
Hong Kong English,The Indian Territory had a large Native American population.,The Indian territory had a large native American population.,0.0
Hong Kong English,Anyway it's dead right for this character.,"Anyway, is that right for this character?",0.5714285714285714
Hong Kong English,"Even when they did so, however, they would be heavily outnumbered by the defenders.",Even when they did so however they would be heavily outnumbered by the defenders.,0.14285714285714285
Hong Kong English,Males and females can be distinguished by their weight.,Males and females can be distinguished by their weight.,0.0
Hong Kong English,Custody of Guy was granted to Darcy who raised him at the stud farm.,Kastudi of Guy was granted to Darcy who raised him at the stud farm.,0.07142857142857142
Hong Kong English,Financially they received help from Quakers.,Financial they received help from Plycus.,0.3333333333333333
Hong Kong English,Long discovered that the petroleum companies had increased their advertising dollars in the newspaper.,Long to discover that the paternium companies had increased their advertising dollars in the newspaper.,0.21428571428571427
Hong Kong English,"It is located in Springfield, Illinois, the state capital of Illinois.","It is located in Springfield, Illinois, the state capital of Illinois.",0.0
Hong Kong English,"It was also nominated for the Russian ""Booker"" prize.",It was also nominated for Russian Booker Prize.,0.2222222222222222
Hong Kong English,Cantor Fitzgerald's corporate headquarters were located in One World Trade Center.,Cantifits Gerrold's corporate headquarters were located in one world trade center.,0.18181818181818182
Hong Kong English,"It is described as a ""syrupy, well-balanced and thoroughly accessible"" espresso.",It is described as a CVP well balanced and firmly accessible despisal.,0.5454545454545454
Hong Kong English,"His body was found, trapped beneath a log by Dombrovskis.",His body was found trapped beneath a log by Dom's Rakis.,0.3
Hong Kong English,It's much better fun for the village.,It's much better fun for the village.,0.0
Hong Kong English,After his first season he has now gained formidable coaching experience.,"After his first season, he has now gained formidable coaching experience.",0.09090909090909091
Hong Kong English,Both of my parents were Finnish.,Both of my parents were finished.,0.16666666666666666
Hong Kong English,"Lyons is a native of Elizabeth, New Jersey.",Lines is a nickname of the database news jersey.,0.625
Hong Kong English,The access requires the use of boats.,The SS requires the use of boats.,0.14285714285714285
Hong Kong English,"It is a small, pale blue butterfly.",It is a small pale blue butterfly.,0.14285714285714285
Hong Kong English,The building has been designated by English Heritage as a Grade One listed building.,The building has been designated by English Heritage as Grade 1 listed building.,0.14285714285714285
Hong Kong English,"Nowadays, there are hydroelectric power stations in use.","Nowadays, there are hydroelectric power stations in use.",0.0
Hong Kong English,All this work is provided at no charge.,All this work is provided at no charge.,0.0
Hong Kong English,Many cargo trucks travel along the highway daily.,Any color trucks travel along the highway daily.,0.25
Hong Kong English,He was cut in spring training.,He was cut in spring training.,0.0
Hong Kong English,The ozone oxidizes the sodium to form sodium peroxide.,The O-song oxidizes the sodium to form sodium peroxide.,0.1111111111111111
Hong Kong English,"During the colonial era, all three islands were used for farming.","Doing the colonial era, all three islands were used for farming.",0.09090909090909091
Hong Kong English,"His goal complete, he is free to leave the world of the living.","His goal complete, he is free to leave the world of the living.",0.0
Hong Kong English,"Presumably, he was killed the same year.","Presumably, he was killed the same year.",0.0
Hong Kong English,"Bland's, a fictional restaurant chain with cardboard foods.","Blends, a fictional restaurant chain with cardboard foods.",0.125
Hong Kong English,The Senior Leadership Team is made up of four assistant headteachers and the headteacher.,The senior leadership team is made about four assistant head teachers and the head teacher.,0.42857142857142855
Hong Kong English,Winter is generally cool with some snowfall.,Winter is generally cool with some snowfall,0.14285714285714285
Hong Kong English,The social contrast coincided with a national and even a moral division.,There's also contrast coincides with a national and even moral division.,0.3333333333333333
Hong Kong English,The climate is fairly temperate all throughout the year with a significant rainfall.,"The climate is fairly time for it, or throughout the year with a significant rainfall.",0.3076923076923077
Hong Kong English,It is the only major A-road in Australia that is partially unsealed.,It is the only major road in Australia that is partially unsealed.,0.08333333333333333
Hong Kong English,The album has received praise from several critics.,The album has a receipt for several critics.,0.375
Hong Kong English,"The home team won every game of the contest, as Minnesota won the series.",The home team won every game of their contest as Minnesota won the series.,0.14285714285714285
Hong Kong English,"He has two sons with his ex-wife, Annalynn Seal; Sidney and Daniel.","He has two sons with his ex-wife Annel and Seal, Sydney and Daniel.",0.4166666666666667
Hong Kong English,Many criticized the linear gameplay and the unrealistic artificial intelligence.,Many criticized the linear gameplay and the unrealistic artificial intelligence.,0.0
Hong Kong English,I started training seriously in my high school years.,I started training seriously in my high school years.,0.0
Hong Kong English,"His son, the second Viscount, sat as a Liberal Member of Parliament for Eye.","His son, the second riskant, set as a liberal member of parliament for I.",0.21428571428571427
Hong Kong English,It is open during daylight hours without admission charge.,It is open during daylight hours without a mission charge.,0.2222222222222222
Hong Kong English,"It is famous for its all ages dances, festivals, quiet roads, and beautiful scenery.","It is famous for its old age stances, festivals, quiet roads and beautiful scenery.",0.2857142857142857
Hong Kong English,It has gathered interest as coverage of it has increased.,It has gathered interest as coverage of it has increased.,0.0
Hong Kong English,Airport security rules now require travellers to put their in checked baggage.,Airport Security rules now require travelers to put their in-check baggage.,0.25
Hong Kong English,Family members later characterized the initial police response as lacking in urgency.,Family members later characterized the initiative please responds as licking an urgency.,0.4166666666666667
Hong Kong English,"To the south is Bristol Dry Lake and Cadiz, California.","to the south as Bristol Trail Lake in Caddys, California.",0.4
Hong Kong English,"Typically, bars are needed to produce a ring structure.",Typically bars are needed to produce a ring structure.,0.1111111111111111
Hong Kong English,While we were there a young man came in.,"Well, we were there a young man came in.",0.1111111111111111
Hong Kong English,A number of factors affected Watertown's progress.,A number of factors affected water towns progress.,0.2857142857142857
Hong Kong English,This family flourished from the earliest period to the time of the Samnite Wars.,This family flourished from the earliest period to the time of this sand night world.,0.2857142857142857
Hong Kong English,She has two daughters and on son.,She has $2 and on Sun.,0.42857142857142855
Hong Kong English,There are deep gouges from cratering along the northeastern rim.,There are deep goges from cratering along the northeastern rim.,0.1
Hong Kong English,Palace sources denied that any breach in etiquette had occurred.,Howless sources denied that any breach in etiquette had occurred.,0.1
Hong Kong English,Ford has had a long and diverse acting career.,Paul has had a long and diverse acting career.,0.1111111111111111
Hong Kong English,The result was the Atlantic Charter.,The results were the Atlantic Charter.,0.3333333333333333
Hong Kong English,"The complex included offices, factories, a power plant and a foundry.","The complex included offices, factories, a power plants and a foundry.",0.09090909090909091
Hong Kong English,This lizard belongs to the smallest day geckos.,This lizard belongs to the smallest Dave Geckos.,0.125
Hong Kong English,His abilities as a team leader with perspective and pragmatism were greatly admired.,has the abilities as a team leader with perspective and permatter some greatly admired,0.38461538461538464
Hong Kong English,For the next seventeen years they would meet in various temporary quarters.,"For the next 70 years, they would meet in virus temporary quarters.",0.25
Hong Kong English,Jose Pablo Gil qualified by receiving the bipartite commission invitation allocation quota.,"Jose Papp-Bloge Hill, qualified by receiving the Bipartite Commission invitation allocation",0.25
Hong Kong English,At the midpoint of the sloping inner walls is a small central floor.,At the midpoint of sloping in the walls is a small central floor.,0.23076923076923078
Hong Kong English,"The interior floor is rough, small and uneven, with no impacts of significance.","The interior floor is rough, small and uneven, with no impact of significance.",0.07692307692307693
Hong Kong English,These areas also experienced storm surges of above normal.,These areas also expand storm search of above normal.,0.2222222222222222
Hong Kong English,There is significant color variation.,There is significant heart of variation.,0.4
Hong Kong English,"The back country is a plain, favourable to cereal cultivation and dairy cattle.",The backcountry is a plain favorable to Syria called the Vaginonderry Cato.,0.6923076923076923
Hong Kong English,Work began on the design of the engine soon afterwards.,Work began on the design of the engine soon afterwards.,0.0
Hong Kong English,He came merely to champion higher learning and has been slain by cruel murderers.,He came merely to champion higher learning and has been slain by cruel murderers.,0.0
Hong Kong English,"That's ""Speed Zone"".",That's speed on,0.6666666666666666
Hong Kong English,Later in life he became a successful real estate manager.,Later in life he became a successful wheel state manager.,0.2
Hong Kong English,Not every pattern needs to include all nine.,Not every pattern needs to include all nine.,0.0
Hong Kong English,They conclude that Christian religious individualists have existed in all times.,They conclude that Christian religious individuals have existed in all times.,0.09090909090909091
Hong Kong English,I was not always popular with the right.,I was not always popular with the right.,0.0
Hong Kong English,The bow sank immediately.,The boat sank immediately.,0.25
Hong Kong English,The gameplay area has two different depths: the world map and the location maps.,"The gameplay area has two different tips, the world map and the location maps.",0.07142857142857142
Hong Kong English,The Arabs then laid siege to the city.,the hour then laid siege to the city.,0.125
Hong Kong English,They recorded on London Records.,They recorded on London records.,0.0
Hong Kong English,"The film co-starred Edna Purviance, Leo White, Lloyd Bacon, and Bud Jamison.","The film calls start at no-proviants, Leo White, Lloyd Bacon and Bud Jamison.",0.4166666666666667
Hong Kong English,"Afterwards, the Watts family built Watts Cottage in Watt Street.",Afterwards the Watts family built Watts cottage in Watts Street.,0.2
Hong Kong English,"However, they were relegated at the end of the following season.","However, they will relegated at the end of the following season.",0.09090909090909091
Hong Kong English,"However, not all narratives contain a plot.","However, not all narratives contain a plot.",0.0
Hong Kong English,Coordinated by Alexander Enrico Haliday were four Academic Associates.,coordinated by Alexander and Rekon Holiday with four academic associates.,0.4444444444444444
Hong Kong English,Entering somebody's personal space is normally an indication of familiarity and sometimes intimacy.,Entering somebody's personal space is normally an indication of familiarity and sometimes intimacy.,0.0
Hong Kong English,The scheme was constructed in three phases.,The skin was constructed in three faces.,0.2857142857142857
Hong Kong English,"""Yes, indeed;"" answered the child.","Yes indeed, answer the child.",0.6
Hong Kong English,He also held a diploma from the American Board of Professional Psychology.,He also held a diploma from the American Board of Professional Psychology.,0.0
Hong Kong English,A biased question or questionnaire encourages respondents to answer one way rather than another.,A virus that question or question error encourages respond to answer one way rather than another.,0.35714285714285715
Hong Kong English,"The Americans scattered the Red Sticks, who fled to the nearby swamps.",The Americans gathered the real sticks who fly to the nearly swabs.,0.5
Hong Kong English,"While there have been escapes and attempts to cure him, they always go wrong.","While there have been escapes and attempts to kill him, they always go wrong.",0.07142857142857142
Hong Kong English,"Of Picchi's music, mostly instrumental music survives.","of pictures music, mostly instrumental music survives.",0.14285714285714285
Hong Kong English,The company named the town after a deceased railroad engineer.,The company named the town after 8 deceased Rauro engineer.,0.2
Hong Kong English,The keynote address was delivered by Tennessee Senator Howard Baker.,The keynote address was delivered to by Tennessee Senator Howard Baker.,0.1
Hong Kong English,The shrub blooms in flushes throughout the season.,The shrub blooms in flushes throughout the season.,0.0
Hong Kong English,She is considered one of the leading liberal voices in the Court.,Here is considered one of the leading liberal voices in the call.,0.16666666666666666
Hong Kong English,This effectively destroyed the temple's fighting force.,This effectively destroyed the Tempest Fighting Force.,0.14285714285714285
Hong Kong English,He has played for the Sweden national football team.,He has played 4-3 in the national football team.,0.3333333333333333
Hong Kong English,The term is also used to describe those who follow in their tradition.,The term is also used to describe those who follow in via tradition.,0.07692307692307693
Hong Kong English,Passenger services on the line are currently operated by Greater Anglia.,passenger service online are currently operated by Draitr Angelina.,0.5454545454545454
Hong Kong English,I suppose I must have killed it.,I suppose I must have killed it.,0.0
Hong Kong English,He attracted more disciples than any other poet of his generation.,He attracted more distance than any other poet of his generation.,0.09090909090909091
Hong Kong English,The ultimate fate of the ship is unknown.,The ultimate fail of the ship is unknown.,0.125
Hong Kong English,She also appeared in pornographic magazines.,She also appeared in pornographic magazines.,0.0
